GameDate, GameID, Visitor, Home
2026-01-01,0022500471,HOU,BKN
2026-01-01,0022500472,MIA,DET
2026-01-01,0022500473,PHI,DAL
2026-01-01,0022500474,BOS,SAC
2026-01-01,0022500475,UTA,LAC
2026-01-02,0022500476,SAS,IND
2026-01-02,0022500477,BKN,WAS
2026-01-02,0022500478,DEN,CLE
2026-01-02,0022500479,ATL,NYK
2026-01-02,0022500480,ORL,CHI
2026-01-02,0022500481,CHA,MIL
2026-01-02,0022500482,POR,NOP
2026-01-02,0022500483,SAC,PHX
2026-01-02,0022500484,OKC,GSW
2026-01-02,0022500485,MEM,LAL
2026-01-03,0022500486,MIN,MIA
2026-01-03,0022500487,PHI,NYK
2026-01-03,0022500488,ATL,TOR
2026-01-03,0022500489,CHA,CHI
2026-01-03,0022500490,POR,SAS
2026-01-03,0022500491,HOU,DAL
2026-01-03,0022500492,UTA,GSW
2026-01-03,0022500493,BOS,LAC
2026-01-04,0022500494,DET,CLE
2026-01-04,0022500495,IND,ORL
2026-01-04,0022500496,DEN,BKN
2026-01-04,0022500497,NOP,MIA
2026-01-04,0022500498,MIN,WAS
2026-01-04,0022500499,OKC,PHX
2026-01-04,0022500500,MIL,SAC
2026-01-04,0022500501,MEM,LAL
2026-01-05,0022500502,NYK,DET
2026-01-05,0022500503,CHI,BOS
2026-01-05,0022500504,ATL,TOR
2026-01-05,0022500505,PHX,HOU
2026-01-05,0022500506,CHA,OKC
2026-01-05,0022500507,DEN,PHI
2026-01-05,0022500508,GSW,LAC
2026-01-05,0022500509,UTA,POR
2026-01-06,0022500510,CLE,IND
2026-01-06,0022500511,ORL,WAS
2026-01-06,0022500512,SAS,MEM
2026-01-06,0022500513,MIA,MIN
2026-01-06,0022500514,LAL,NOP
2026-01-06,0022500515,DAL,SAC
2026-01-07,0022500516,TOR,CHA
2026-01-07,0022500517,CHI,DET
2026-01-07,0022500518,WAS,PHI
2026-01-07,0022500519,NOP,ATL
2026-01-07,0022500520,DEN,BOS
2026-01-07,0022500521,ORL,BKN
2026-01-07,0022500522,LAC,NYK
2026-01-07,0022500523,LAL,SAS
2026-01-07,0022500524,PHX,MEM
2026-01-07,0022500525,UTA,OKC
2026-01-07,0022500526,MIL,GSW
2026-01-07,0022500527,HOU,POR
2026-01-08,0022500528,IND,CHA
2026-01-08,0022500529,MIA,CHI
2026-01-08,0022500530,CLE,MIN
2026-01-08,0022500531,DAL,UTA
2026-01-09,0022500532,TOR,BOS
2026-01-09,0022500533,PHI,ORL
2026-01-09,0022500534,NOP,WAS
2026-01-09,0022500535,LAC,BKN
2026-01-09,0022500536,OKC,MEM
2026-01-09,0022500537,ATL,DEN
2026-01-09,0022500538,NYK,PHX
2026-01-09,0022500539,SAC,GSW
2026-01-09,0022500540,HOU,POR
2026-01-09,0022500541,MIL,LAL
2026-01-10,0022500542,MIN,CLE
2026-01-10,0022500543,MIA,IND
2026-01-10,0022500544,LAC,DET
2026-01-10,0022500545,SAS,BOS
2026-01-10,0022500546,DAL,CHI
2026-01-10,0022500547,CHA,UTA
2026-01-11,0022500548,NOP,ORL
2026-01-11,0022500549,BKN,MEM
2026-01-11,0022500550,PHI,TOR
2026-01-11,0022500551,NYK,POR
2026-01-11,0022500552,SAS,MIN
2026-01-11,0022500553,MIA,OKC
2026-01-11,0022500554,MIL,DEN
2026-01-11,0022500555,WAS,PHX
2026-01-11,0022500556,ATL,GSW
2026-01-11,0022500557,HOU,SAC
2026-01-12,0022500558,UTA,CLE
2026-01-12,0022500559,BOS,IND
2026-01-12,0022500560,PHI,TOR
2026-01-12,0022500561,BKN,DAL
2026-01-12,0022500562,LAL,SAC
2026-01-12,0022500563,CHA,LAC
2026-01-13,0022500564,PHX,MIA
2026-01-13,0022500565,CHI,HOU
2026-01-13,0022500566,MIN,MIL
2026-01-13,0022500567,DEN,NOP
2026-01-13,0022500568,SAS,OKC
2026-01-13,0022500569,ATL,LAL
2026-01-13,0022500570,POR,GSW
2026-01-14,0022500571,TOR,IND
2026-01-14,0022500572,CLE,PHI
2026-01-14,0022500573,UTA,CHI
2026-01-14,0022500574,BKN,NOP
2026-01-14,0022500575,DEN,DAL
2026-01-14,0022500576,NYK,SAC
2026-01-14,0022500577,WAS,LAC
2026-01-15,0022500578,MEM,ORL
2026-01-15,0022500579,PHX,DET
2026-01-15,0022500580,BOS,MIA
2026-01-15,0022500581,OKC,HOU
2026-01-15,0022500582,MIL,SAS
2026-01-15,0022500583,UTA,DAL
2026-01-15,0022500584,NYK,GSW
2026-01-15,0022500585,ATL,POR
2026-01-15,0022500586,CHA,LAL
2026-01-16,0022500587,CHI,BKN
2026-01-16,0022500588,NOP,IND
2026-01-16,0022500589,CLE,PHI
2026-01-16,0022500590,LAC,TOR
2026-01-16,0022500591,MIN,HOU
2026-01-16,0022500592,WAS,SAC
2026-01-17,0022500593,UTA,DAL
2026-01-17,0022500594,BOS,ATL
2026-01-17,0022500595,IND,DET
2026-01-17,0022500596,PHX,NYK
2026-01-17,0022500597,OKC,MIA
2026-01-17,0022500598,MIN,SAS
2026-01-17,0022500599,CHA,GSW
2026-01-17,0022500600,WAS,DEN
2026-01-17,0022500601,LAL,POR
2026-01-18,0022500602,ORL,MEM
2026-01-18,0022500603,BKN,CHI
2026-01-18,0022500604,NOP,HOU
2026-01-18,0022500605,CHA,DEN
2026-01-18,0022500606,POR,SAC
2026-01-18,0022500607,TOR,LAL
2026-01-19,0022500014,MIL,ATL
2026-01-19,0022500015,OKC,CLE
2026-01-19,0022500608,LAC,WAS
2026-01-19,0022500016,DAL,NYK
2026-01-19,0022500609,IND,PHI
2026-01-19,0022500610,PHX,BKN
2026-01-19,0022500017,BOS,DET
2026-01-19,0022500611,UTA,SAS
2026-01-19,0022500612,MIA,GSW
2026-01-20,0022500613,PHX,PHI
2026-01-20,0022500614,LAC,CHI
2026-01-20,0022500615,SAS,HOU
2026-01-20,0022500616,MIN,UTA
2026-01-20,0022500617,LAL,DEN
2026-01-20,0022500618,TOR,GSW
2026-01-20,0022500619,MIA,SAC
2026-01-21,0022500620,CLE,CHA
2026-01-21,0022500621,IND,BOS
2026-01-21,0022500622,BKN,NYK
2026-01-21,0022500623,ATL,MEM
2026-01-21,0022500624,DET,NOP
2026-01-21,0022500625,OKC,MIL
2026-01-21,0022500626,TOR,SAC
2026-01-22,0022500627,CHA,ORL
2026-01-22,0022500628,HOU,PHI
2026-01-22,0022500629,DEN,WAS
2026-01-22,0022500630,GSW,DAL
2026-01-22,0022500631,CHI,MIN
2026-01-22,0022500632,SAS,UTA
2026-01-22,0022500633,LAL,LAC
2026-01-22,0022500634,MIA,POR
2026-01-23,0022500635,HOU,DET
2026-01-23,0022500636,PHX,ATL
2026-01-23,0022500637,BOS,BKN
2026-01-23,0022500638,SAC,CLE
2026-01-23,0022500639,NOP,MEM
2026-01-23,0022500640,DEN,MIL
2026-01-23,0022500641,IND,OKC
2026-01-23,0022500642,TOR,POR
2026-01-24,0022500643,NYK,PHI
2026-01-24,0022500644,GSW,MIN
2026-01-24,0022500645,WAS,CHA
2026-01-24,0022500646,CLE,ORL
2026-01-24,0022500647,BOS,CHI
2026-01-24,0022500648,LAL,DAL
2026-01-24,0022500649,MIA,UTA
2026-01-25,0022500650,SAC,DET
2026-01-25,0022500651,DEN,MEM
2026-01-25,0022500652,DAL,MIL
2026-01-25,0022500653,TOR,OKC
2026-01-25,0022500654,NOP,SAS
2026-01-25,0022500655,MIA,PHX
2026-01-25,0022500656,BKN,LAC
2026-01-26,0022500657,PHI,CHA
2026-01-26,0022500658,ORL,CLE
2026-01-26,0022500659,IND,ATL
2026-01-26,0022500660,POR,BOS
2026-01-26,0022500661,LAL,CHI
2026-01-26,0022500662,MEM,HOU
2026-01-26,0022500663,GSW,MIN
2026-01-27,0022500664,POR,WAS
2026-01-27,0022500665,SAC,NYK
2026-01-27,0022500666,MIL,PHI
2026-01-27,0022500667,NOP,OKC
2026-01-27,0022500668,DET,DEN
2026-01-27,0022500669,BKN,PHX
2026-01-27,0022500670,LAC,UTA
2026-01-28,0022500671,LAL,CLE
2026-01-28,0022500672,CHI,IND
2026-01-28,0022500673,ATL,BOS
2026-01-28,0022500674,ORL,MIA
2026-01-28,0022500675,NYK,TOR
2026-01-28,0022500676,CHA,MEM
2026-01-28,0022500677,MIN,DAL
2026-01-28,0022500678,GSW,UTA
2026-01-28,0022500679,SAS,HOU
2026-01-29,0022500680,SAC,PHI
2026-01-29,0022500681,MIL,WAS
2026-01-29,0022500682,HOU,ATL
2026-01-29,0022500683,CHA,DAL
2026-01-29,0022500684,BKN,DEN
2026-01-29,0022500685,DET,PHX
2026-01-29,0022500686,OKC,MIN
2026-01-30,0022500687,TOR,ORL
2026-01-30,0022500688,LAL,WAS
2026-01-30,0022500689,SAC,BOS
2026-01-30,0022500690,POR,NYK
2026-01-30,0022500691,MEM,NOP
2026-01-30,0022500692,CHI,MIA
2026-01-30,0022500693,CLE,PHX
2026-01-30,0022500694,BKN,UTA
2026-01-30,0022500695,LAC,DEN
2026-01-30,0022500696,DET,GSW
2026-01-31,0022500697,SAS,CHA
2026-01-31,0022500698,ATL,IND
2026-01-31,0022500699,NOP,PHI
2026-01-31,0022500700,MIN,MEM
2026-01-31,0022500701,DAL,HOU
2026-02-01,0022500702,MIL,BOS
2026-02-01,0022500703,ORL,SAS
2026-02-01,0022500704,BKN,DET
2026-02-01,0022500705,CHI,MIA
2026-02-01,0022500706,UTA,TOR
2026-02-01,0022500707,SAC,WAS
2026-02-01,0022500708,LAL,NYK
2026-02-01,0022500709,LAC,PHX
2026-02-01,0022500710,CLE,POR
2026-02-01,0022500711,OKC,DEN
2026-02-02,0022500712,NOP,CHA
2026-02-02,0022500713,HOU,IND
2026-02-02,0022500714,MIN,MEM
2026-02-02,0022500715,PHI,LAC
2026-02-03,0022500716,DEN,DET
2026-02-03,0022500717,UTA,IND
2026-02-03,0022500718,NYK,WAS
2026-02-03,0022500719,LAL,BKN
2026-02-03,0022500720,ATL,MIA
2026-02-03,0022500721,BOS,DAL
2026-02-03,0022500722,CHI,MIL
2026-02-03,0022500723,ORL,OKC
2026-02-03,0022500724,PHI,GSW
2026-02-03,0022500725,PHX,POR
2026-02-04,0022500726,DEN,NYK
2026-02-04,0022500727,MIN,TOR
2026-02-04,0022500728,BOS,HOU
2026-02-04,0022500729,NOP,MIL
2026-02-04,0022500730,OKC,SAS
2026-02-04,0022500731,MEM,SAC
2026-02-04,0022500732,CLE,LAC
2026-02-05,0022500733,WAS,DET
2026-02-05,0022500734,BKN,ORL
2026-02-05,0022500735,UTA,ATL
2026-02-05,0022500736,CHI,TOR
2026-02-05,0022500737,CHA,HOU
2026-02-05,0022500738,SAS,DAL
2026-02-05,0022500739,GSW,PHX
2026-02-05,0022500740,PHI,LAL
2026-02-06,0022500741,MIA,BOS
2026-02-06,0022500742,NYK,DET
2026-02-06,0022500743,IND,MIL
2026-02-06,0022500744,NOP,MIN
2026-02-06,0022500745,MEM,POR
2026-02-06,0022500746,LAC,SAC
2026-02-07,0022500747,WAS,BKN
2026-02-07,0022500748,HOU,OKC
2026-02-07,0022500749,DAL,SAS
2026-02-07,0022500750,UTA,ORL
2026-02-07,0022500751,CHA,ATL
2026-02-07,0022500752,DEN,CHI
2026-02-07,0022500753,GSW,LAL
2026-02-07,0022500754,PHI,PHX
2026-02-07,0022500755,MEM,POR
2026-02-07,0022500756,CLE,SAC
2026-02-08,0022500757,NYK,BOS
2026-02-08,0022500758,MIA,WAS
2026-02-08,0022500759,IND,TOR
2026-02-08,0022500760,LAC,MIN
2026-02-09,0022500761,DET,CHA
2026-02-09,0022500762,CHI,BKN
2026-02-09,0022500763,UTA,MIA
2026-02-09,0022500764,MIL,ORL
2026-02-09,0022500765,ATL,MIN
2026-02-09,0022500766,SAC,NOP
2026-02-09,0022500767,CLE,DEN
2026-02-09,0022500768,MEM,GSW
2026-02-09,0022500769,OKC,LAL
2026-02-09,0022500770,PHI,POR
2026-02-10,0022500771,IND,NYK
2026-02-10,0022500772,LAC,HOU
2026-02-10,0022500773,DAL,PHX
2026-02-10,0022500774,SAS,LAL
2026-02-11,0022500775,ATL,CHA
2026-02-11,0022500776,WAS,CLE
2026-02-11,0022500777,MIL,ORL
2026-02-11,0022500778,CHI,BOS
2026-02-11,0022500779,IND,BKN
2026-02-11,0022500780,NYK,PHI
2026-02-11,0022500781,DET,TOR
2026-02-11,0022500782,LAC,HOU
2026-02-11,0022500783,POR,MIN
2026-02-11,0022500784,MIA,NOP
2026-02-11,0022500785,OKC,PHX
2026-02-11,0022500786,SAC,UTA
2026-02-11,0022500787,MEM,DEN
2026-02-11,0022500788,SAS,GSW
2026-02-12,0022500789,MIL,OKC
2026-02-12,0022500790,POR,UTA
2026-02-12,0022500791,DAL,LAL
2026-02-19,0022500792,HOU,CHA
2026-02-19,0022500793,BKN,CLE
2026-02-19,0022500794,ATL,PHI
2026-02-19,0022500795,IND,WAS
2026-02-19,0022500796,DET,NYK
2026-02-19,0022500797,TOR,CHI
2026-02-19,0022500798,PHX,SAS
2026-02-19,0022500799,BOS,GSW
2026-02-19,0022500800,ORL,SAC
2026-02-19,0022500801,DEN,LAC
2026-02-20,0022500802,CLE,CHA
2026-02-20,0022500803,IND,WAS
2026-02-20,0022500804,UTA,MEM
2026-02-20,0022500805,MIA,ATL
2026-02-20,0022500806,DAL,MIN
2026-02-20,0022500807,MIL,NOP
2026-02-20,0022500808,BKN,OKC
2026-02-20,0022500809,LAC,LAL
2026-02-20,0022500810,DEN,POR
2026-02-21,0022500811,ORL,PHX
2026-02-21,0022500812,PHI,NOP
2026-02-21,0022500813,MEM,MIA
2026-02-21,0022500814,DET,CHI
2026-02-21,0022500815,SAC,SAS
2026-02-21,0022500816,HOU,NYK
2026-02-22,0022500817,CLE,OKC
2026-02-22,0022500818,BKN,ATL
2026-02-22,0022500819,TOR,MIL
2026-02-22,0022500820,DEN,GSW
2026-02-22,0022500821,DAL,IND
2026-02-22,0022500822,CHA,WAS
2026-02-22,0022500823,BOS,LAL
2026-02-22,0022500824,PHI,MIN
2026-02-22,0022500825,NYK,CHI
2026-02-22,0022500826,POR,PHX
2026-02-22,0022500827,ORL,LAC
2026-02-23,0022500828,SAS,DET
2026-02-23,0022500829,SAC,MEM
2026-02-23,0022500830,UTA,HOU
2026-02-24,0022500831,PHI,IND
2026-02-24,0022500832,WAS,ATL
2026-02-24,0022500833,DAL,BKN
2026-02-24,0022500834,OKC,TOR
2026-02-24,0022500835,NYK,CLE
2026-02-24,0022500836,CHA,CHI
2026-02-24,0022500837,MIA,MIL
2026-02-24,0022500838,GSW,NOP
2026-02-24,0022500839,BOS,PHX
2026-02-24,0022500840,ORL,LAL
2026-02-24,0022500841,MIN,POR
2026-02-25,0022500842,OKC,DET
2026-02-25,0022500843,SAS,TOR
2026-02-25,0022500844,GSW,MEM
2026-02-25,0022500845,SAC,HOU
2026-02-25,0022500846,CLE,MIL
2026-02-25,0022500847,BOS,DEN
2026-02-26,0022500848,CHA,IND
2026-02-26,0022500849,MIA,PHI
2026-02-26,0022500850,WAS,ATL
2026-02-26,0022500851,SAS,BKN
2026-02-26,0022500852,HOU,ORL
2026-02-26,0022500853,POR,CHI
2026-02-26,0022500854,SAC,DAL
2026-02-26,0022500855,LAL,PHX
2026-02-26,0022500856,NOP,UTA
2026-02-26,0022500857,MIN,LAC
2026-02-27,0022500858,CLE,DET
2026-02-27,0022500859,BKN,BOS
2026-02-27,0022500860,NYK,MIL
2026-02-27,0022500861,MEM,DAL
2026-02-27,0022500862,DEN,OKC
2026-02-28,0022500863,POR,CHA
2026-02-28,0022500864,HOU,MIA
2026-02-28,0022500865,TOR,WAS
2026-02-28,0022500866,LAL,GSW
2026-02-28,0022500867,NOP,UTA
2026-03-01,0022500868,SAS,NYK
2026-03-01,0022500869,CLE,BKN
2026-03-01,0022500870,MIL,CHI
2026-03-01,0022500871,MIN,DEN
2026-03-01,0022500872,MEM,IND
2026-03-01,0022500873,POR,ATL
2026-03-01,0022500874,PHI,BOS
2026-03-01,0022500875,DET,ORL
2026-03-01,0022500876,OKC,DAL
2026-03-01,0022500877,NOP,LAC
2026-03-01,0022500878,SAC,LAL
2026-03-02,0022500879,HOU,WAS
2026-03-02,0022500880,BOS,MIL
2026-03-02,0022500881,DEN,UTA
2026-03-02,0022500882,LAC,GSW
2026-03-03,0022500883,DAL,CHA
2026-03-03,0022500884,DET,CLE
2026-03-03,0022500885,WAS,ORL
2026-03-03,0022500886,BKN,MIA
2026-03-03,0022500887,NYK,TOR
2026-03-03,0022500888,SAS,PHI
2026-03-03,0022500889,OKC,CHI
2026-03-03,0022500890,MEM,MIN
2026-03-03,0022500891,NOP,LAL
2026-03-03,0022500892,PHX,SAC
2026-03-04,0022500893,OKC,NYK
2026-03-04,0022500894,CHA,BOS
2026-03-04,0022500895,UTA,PHI
2026-03-04,0022500896,POR,MEM
2026-03-04,0022500897,ATL,MIL
2026-03-04,0022500898,IND,LAC
2026-03-05,0022500899,DAL,ORL
2026-03-05,0022500900,UTA,WAS
2026-03-05,0022500901,BKN,MIA
2026-03-05,0022500902,GSW,HOU
2026-03-05,0022500903,TOR,MIN
2026-03-05,0022500904,DET,SAS
2026-03-05,0022500905,CHI,PHX
2026-03-05,0022500906,LAL,DEN
2026-03-05,0022500907,NOP,SAC
2026-03-06,0022500908,DAL,BOS
2026-03-06,0022500909,MIA,CHA
2026-03-06,0022500910,POR,HOU
2026-03-06,0022500911,NYK,DEN
2026-03-06,0022500912,NOP,PHX
2026-03-06,0022500913,LAC,SAS
2026-03-06,0022500914,IND,LAL
2026-03-07,0022500915,ORL,MIN
2026-03-07,0022500916,BKN,DET
2026-03-07,0022500917,PHI,ATL
2026-03-07,0022500918,LAC,MEM
2026-03-07,0022500919,UTA,MIL
2026-03-07,0022500920,GSW,OKC
2026-03-08,0022500921,BOS,CLE
2026-03-08,0022500922,NYK,LAL
2026-03-08,0022500923,DET,MIA
2026-03-08,0022500924,DAL,TOR
2026-03-08,0022500925,WAS,NOP
2026-03-08,0022500926,ORL,MIL
2026-03-08,0022500927,HOU,SAS
2026-03-08,0022500928,CHA,PHX
2026-03-08,0022500929,IND,POR
2026-03-08,0022500930,CHI,SAC
2026-03-09,0022500931,PHI,CLE
2026-03-09,0022500932,MEM,BKN
2026-03-09,0022500933,DEN,OKC
2026-03-09,0022500934,GSW,UTA
2026-03-09,0022500935,NYK,LAC
2026-03-10,0022500936,MEM,PHI
2026-03-10,0022500937,DET,BKN
2026-03-10,0022500938,WAS,MIA
2026-03-10,0022500939,DAL,ATL
2026-03-10,0022500940,TOR,HOU
2026-03-10,0022500941,PHX,MIL
2026-03-10,0022500942,BOS,SAS
2026-03-10,0022500943,CHI,GSW
2026-03-10,0022500944,CHA,POR
2026-03-10,0022500945,IND,SAC
2026-03-10,0022500946,MIN,LAL
2026-03-11,0022500947,CLE,ORL
2026-03-11,0022500948,TOR,NOP
2026-03-11,0022500949,NYK,UTA
2026-03-11,0022500950,HOU,DEN
2026-03-11,0022500951,CHA,SAC
2026-03-11,0022500952,MIN,LAC
2026-03-12,0022500953,PHI,DET
2026-03-12,0022500954,PHX,IND
2026-03-12,0022500955,WAS,ORL
2026-03-12,0022500956,BKN,ATL
2026-03-12,0022500957,MIL,MIA
2026-03-12,0022500958,DEN,SAS
2026-03-12,0022500959,BOS,OKC
2026-03-12,0022500960,CHI,LAL
2026-03-13,0022500961,MEM,DET
2026-03-13,0022500962,NYK,IND
2026-03-13,0022500963,PHX,TOR
2026-03-13,0022500964,NOP,HOU
2026-03-13,0022500965,CLE,DAL
2026-03-13,0022500966,MIN,GSW
2026-03-13,0022500967,UTA,POR
2026-03-13,0022500968,CHI,LAC
2026-03-14,0022500969,BKN,PHI
2026-03-14,0022500970,MIL,ATL
2026-03-14,0022500971,WAS,BOS
2026-03-14,0022500972,ORL,MIA
2026-03-14,0022500973,CHA,SAS
2026-03-14,0022500974,DEN,LAL
2026-03-14,0022500975,SAC,LAC
2026-03-15,0022500976,MIN,OKC
2026-03-15,0022500977,DAL,CLE
2026-03-15,0022500978,DET,TOR
2026-03-15,0022500979,IND,MIL
2026-03-15,0022500980,POR,PHI
2026-03-15,0022500981,GSW,NYK
2026-03-15,0022500982,UTA,SAC
2026-03-16,0022500983,ORL,ATL
2026-03-16,0022500984,GSW,WAS
2026-03-16,0022500985,POR,BKN
2026-03-16,0022500986,PHX,BOS
2026-03-16,0022500987,MEM,CHI
2026-03-16,0022500988,DAL,NOP
2026-03-16,0022500989,LAL,HOU
2026-03-16,0022500990,SAS,LAC
2026-03-17,0022500991,MIA,CHA
2026-03-17,0022500992,OKC,ORL
2026-03-17,0022500993,DET,WAS
2026-03-17,0022500994,IND,NYK
2026-03-17,0022500995,CLE,MIL
2026-03-17,0022500996,PHX,MIN
2026-03-17,0022500997,PHI,DEN
2026-03-17,0022500998,SAS,SAC
2026-03-18,0022500999,GSW,BOS
2026-03-18,0022501000,OKC,BKN
2026-03-18,0022501001,POR,IND
2026-03-18,0022501002,TOR,CHI
2026-03-18,0022501003,NYK,MEM
2026-03-18,0022501004,UTA,MIN
2026-03-18,0022501005,LAC,NOP
2026-03-18,0022501006,ATL,DAL
2026-03-18,0022501007,LAL,HOU
2026-03-19,0022501008,ORL,CHA
2026-03-19,0022501009,DET,WAS
2026-03-19,0022501010,LAL,MIA
2026-03-19,0022501011,CLE,CHI
2026-03-19,0022501012,LAC,NOP
2026-03-19,0022501013,PHX,SAS
2026-03-19,0022501014,MIL,UTA
2026-03-19,0022501015,PHI,SAC
2026-03-20,0022501016,NYK,BKN
2026-03-20,0022501017,GSW,DET
2026-03-20,0022501018,ATL,HOU
2026-03-20,0022501019,BOS,MEM
2026-03-20,0022501020,POR,MIN
2026-03-20,0022501021,TOR,DEN
2026-03-21,0022501022,OKC,WAS
2026-03-21,0022501023,MEM,CHA
2026-03-21,0022501024,LAL,ORL
2026-03-21,0022501025,CLE,NOP
2026-03-21,0022501026,GSW,ATL
2026-03-21,0022501027,MIA,HOU
2026-03-21,0022501028,IND,SAS
2026-03-21,0022501029,LAC,DAL
2026-03-21,0022501030,PHI,UTA
2026-03-21,0022501031,MIL,PHX
2026-03-22,0022501032,POR,DEN
2026-03-22,0022501033,BKN,SAC
2026-03-22,0022501034,WAS,NYK
2026-03-22,0022501035,MIN,BOS
2026-03-22,0022501036,TOR,PHX
2026-03-23,0022501037,MEM,ATL
2026-03-23,0022501038,LAL,DET
2026-03-23,0022501039,IND,ORL
2026-03-23,0022501040,OKC,PHI
2026-03-23,0022501041,SAS,MIA
2026-03-23,0022501042,HOU,CHI
2026-03-23,0022501043,TOR,UTA
2026-03-23,0022501044,GSW,DAL
2026-03-23,0022501045,BKN,POR
2026-03-23,0022501046,MIL,LAC
2026-03-24,0022501047,SAC,CHA
2026-03-24,0022501048,NOP,NYK
2026-03-24,0022501049,ORL,CLE
2026-03-24,0022501050,DEN,PHX
2026-03-25,0022501051,ATL,DET
2026-03-25,0022501052,LAL,IND
2026-03-25,0022501053,CHI,PHI
2026-03-25,0022501054,OKC,BOS
2026-03-25,0022501055,MIA,CLE
2026-03-25,0022501056,SAS,MEM
2026-03-25,0022501057,WAS,UTA
2026-03-25,0022501058,HOU,MIN
2026-03-25,0022501059,DAL,DEN
2026-03-25,0022501060,BKN,GSW
2026-03-25,0022501061,MIL,POR
2026-03-25,0022501062,TOR,LAC
2026-03-26,0022501063,NYK,CHA
2026-03-26,0022501064,NOP,DET
2026-03-26,0022501065,SAC,ORL
2026-03-27,0022501066,LAC,IND
2026-03-27,0022501067,ATL,BOS
2026-03-27,0022501068,MIA,CLE
2026-03-27,0022501069,HOU,MEM
2026-03-27,0022501070,CHI,OKC
2026-03-27,0022501071,NOP,TOR
2026-03-27,0022501072,UTA,DEN
2026-03-27,0022501073,WAS,GSW
2026-03-27,0022501074,DAL,POR
2026-03-27,0022501075,BKN,LAL
2026-03-28,0022501076,SAS,MIL
2026-03-28,0022501077,PHI,CHA
2026-03-28,0022501078,SAC,ATL
2026-03-28,0022501079,CHI,MEM
2026-03-28,0022501080,DET,MIN
2026-03-28,0022501081,UTA,PHX
2026-03-29,0022501082,LAC,MIL
2026-03-29,0022501083,MIA,IND
2026-03-29,0022501084,SAC,BKN
2026-03-29,0022501085,BOS,CHA
2026-03-29,0022501086,ORL,TOR
2026-03-29,0022501087,WAS,POR
2026-03-29,0022501088,HOU,NOP
2026-03-29,0022501089,NYK,OKC
2026-03-29,0022501090,GSW,DEN
2026-03-30,0022501091,PHI,MIA
2026-03-30,0022501092,BOS,ATL
2026-03-30,0022501093,PHX,MEM
2026-03-30,0022501094,CHI,SAS
2026-03-30,0022501095,MIN,DAL
2026-03-30,0022501096,CLE,UTA
2026-03-30,0022501097,DET,OKC
2026-03-30,0022501098,WAS,LAL
2026-03-31,0022501099,PHX,ORL
2026-03-31,0022501100,CHA,BKN
2026-03-31,0022501101,TOR,DET
2026-03-31,0022501102,NYK,HOU
2026-03-31,0022501103,CLE,LAL
2026-03-31,0022501104,POR,LAC
2026-04-01,0022501105,PHI,WAS
2026-04-01,0022501106,BOS,MIA
2026-04-01,0022501107,ATL,ORL
2026-04-01,0022501108,SAC,TOR
2026-04-01,0022501109,IND,CHI
2026-04-01,0022501110,MIL,HOU
2026-04-01,0022501111,DAL,MEM
2026-04-01,0022501112,DEN,UTA
2026-04-01,0022501113,SAS,GSW
2026-04-02,0022501114,PHX,CHA
2026-04-02,0022501115,MIN,DET
2026-04-02,0022501116,LAL,OKC
2026-04-02,0022501117,CLE,GSW
2026-04-02,0022501118,NOP,POR
2026-04-02,0022501119,SAS,LAC
2026-04-03,0022501120,IND,CHA
2026-04-03,0022501121,MIN,PHI
2026-04-03,0022501122,ATL,BKN
2026-04-03,0022501123,CHI,NYK
2026-04-03,0022501124,UTA,HOU
2026-04-03,0022501125,TOR,MEM
2026-04-03,0022501126,BOS,MIL
2026-04-03,0022501127,ORL,DAL
2026-04-03,0022501128,NOP,SAC
2026-04-04,0022501129,WAS,MIA
2026-04-04,0022501130,SAS,DEN
2026-04-04,0022501131,DET,PHI
2026-04-05,0022501132,TOR,BOS
2026-04-05,0022501133,WAS,BKN
2026-04-05,0022501134,PHX,CHI
2026-04-05,0022501135,MEM,MIL
2026-04-05,0022501136,IND,CLE
2026-04-05,0022501137,CHA,MIN
2026-04-05,0022501138,ORL,NOP
2026-04-05,0022501139,UTA,OKC
2026-04-05,0022501140,LAL,DAL
2026-04-05,0022501141,LAC,SAC
2026-04-05,0022501142,HOU,GSW
2026-04-06,0022501143,NYK,ATL
2026-04-06,0022501144,DET,ORL
2026-04-06,0022501145,CLE,MEM
2026-04-06,0022501146,PHI,SAS
2026-04-06,0022501147,POR,DEN
2026-04-07,0022501148,CHI,WAS
2026-04-07,0022501149,CHA,BOS
2026-04-07,0022501150,MIL,BKN
2026-04-07,0022501151,MIA,TOR
2026-04-07,0022501152,MIN,IND
2026-04-07,0022501153,UTA,NOP
2026-04-07,0022501154,SAC,GSW
2026-04-07,0022501155,OKC,LAL
2026-04-07,0022501156,DAL,LAC
2026-04-07,0022501157,HOU,PHX
2026-04-08,0022501158,ATL,CLE
2026-04-08,0022501159,MIN,ORL
2026-04-08,0022501160,MIL,DET
2026-04-08,0022501161,POR,SAS
2026-04-08,0022501162,MEM,DEN
2026-04-08,0022501163,OKC,LAC
2026-04-08,0022501164,DAL,PHX
2026-04-09,0022501165,MIA,TOR
2026-04-09,0022501166,CHI,WAS
2026-04-09,0022501167,IND,BKN
2026-04-09,0022501168,BOS,NYK
2026-04-09,0022501169,PHI,HOU
2026-04-09,0022501170,LAL,GSW
2026-04-10,0022501171,DET,CHA
2026-04-10,0022501172,MIA,WAS
2026-04-10,0022501173,CLE,ATL
2026-04-10,0022501174,NOP,BOS
2026-04-10,0022501175,PHI,IND
2026-04-10,0022501176,TOR,NYK
2026-04-10,0022501177,ORL,CHI
2026-04-10,0022501178,MIN,HOU
2026-04-10,0022501179,BKN,MIL
2026-04-10,0022501180,DAL,SAS
2026-04-10,0022501181,MEM,UTA
2026-04-10,0022501182,OKC,DEN
2026-04-10,0022501183,LAC,POR
2026-04-10,0022501184,GSW,SAC
2026-04-10,0022501185,PHX,LAL
2026-04-12,0022501186,ORL,BOS
2026-04-12,0022501187,WAS,CLE
2026-04-12,0022501188,DET,IND
2026-04-12,0022501189,ATL,MIA
2026-04-12,0022501190,CHA,NYK
2026-04-12,0022501191,MIL,PHI
2026-04-12,0022501192,BKN,TOR
2026-04-12,0022501193,CHI,DAL
2026-04-12,0022501194,MEM,HOU
2026-04-12,0022501195,NOP,MIN
2026-04-12,0022501196,PHX,OKC
2026-04-12,0022501197,DEN,SAS
2026-04-12,0022501198,UTA,LAL
2026-04-12,0022501199,GSW,LAC
2026-04-12,0022501200,SAC,POR
2025-10-26,0022500105,BKN,SAS
2025-10-26,0022500106,BOS,DET
2025-10-26,0022500107,MIL,CLE
2025-10-26,0022500108,NYK,MIA
2025-10-26,0022500109,CHA,WAS
2025-10-26,0022500110,IND,MIN
2025-10-26,0022500111,TOR,DAL
2025-10-26,0022500112,POR,LAC
2025-10-26,0022500113,LAL,SAC
2025-10-27,0022500007,CLE,DET
2025-10-27,0022500114,ORL,PHI
2025-10-27,0022500115,ATL,CHI
2025-10-27,0022500116,BKN,HOU
2025-10-27,0022500117,BOS,NOP
2025-10-27,0022500118,TOR,SAS
2025-10-27,0022500119,OKC,DAL
2025-10-27,0022500120,PHX,UTA
2025-10-27,0022500008,DEN,MIN
2025-10-27,0022500121,MEM,GSW
2025-10-27,0022500122,POR,LAL
2025-10-28,0022500123,PHI,WAS
2025-10-28,0022500124,CHA,MIA
2025-10-28,0022500125,NYK,MIL
2025-10-28,0022500126,SAC,OKC
2025-10-28,0022500127,LAC,GSW
2025-10-29,0022500128,CLE,BOS
2025-10-29,0022500129,ORL,DET
2025-10-29,0022500130,ATL,BKN
2025-10-29,0022500131,HOU,TOR
2025-10-29,0022500132,SAC,CHI
2025-10-29,0022500133,IND,DAL
2025-10-29,0022500134,NOP,DEN
2025-10-29,0022500135,POR,UTA
2025-10-29,0022500136,LAL,MIN
2025-10-29,0022500137,MEM,PHX
2025-10-30,0022500138,ORL,CHA
2025-10-30,0022500139,GSW,MIL
2025-10-30,0022500140,WAS,OKC
2025-10-30,0022500141,MIA,SAS
2025-10-31,0022500020,ATL,IND
2025-10-31,0022500021,BOS,PHI
2025-10-31,0022500022,TOR,CLE
2025-10-31,0022500023,NYK,CHI
2025-10-31,0022500024,LAL,MEM
2025-10-31,0022500025,UTA,PHX
2025-10-31,0022500026,DEN,POR
2025-10-31,0022500027,NOP,LAC
2025-11-01,0022500142,SAC,MIL
2025-11-01,0022500143,MIN,CHA
2025-11-01,0022500144,GSW,IND
2025-11-01,0022500145,ORL,WAS
2025-11-01,0022500146,HOU,BOS
2025-11-01,0022500147,DAL,DET
2025-11-02,0022500148,NOP,OKC
2025-11-02,0022500149,PHI,BKN
2025-11-02,0022500150,UTA,CHA
2025-11-02,0022500151,ATL,CLE
2025-11-02,0022500152,MEM,TOR
2025-11-02,0022500153,CHI,NYK
2025-11-02,0022500154,SAS,PHX
2025-11-02,0022500155,MIA,LAL
2025-11-03,0022500156,MIN,BKN
2025-11-03,0022500157,MIL,IND
2025-11-03,0022500158,UTA,BOS
2025-11-03,0022500159,WAS,NYK
2025-11-03,0022500160,DAL,HOU
2025-11-03,0022500161,DET,MEM
2025-11-03,0022500162,SAC,DEN
2025-11-03,0022500163,LAL,POR
2025-11-03,0022500164,MIA,LAC
2025-11-04,0022500165,MIL,TOR
2025-11-04,0022500166,ORL,ATL
2025-11-04,0022500167,PHI,CHI
2025-11-04,0022500168,CHA,NOP
2025-11-04,0022500169,PHX,GSW
2025-11-04,0022500170,OKC,LAC
2025-11-05,0022500171,PHI,CLE
2025-11-05,0022500172,UTA,DET
2025-11-05,0022500173,BKN,IND
2025-11-05,0022500174,WAS,BOS
2025-11-05,0022500175,MIN,NYK
2025-11-05,0022500176,HOU,MEM
2025-11-05,0022500177,NOP,DAL
2025-11-05,0022500178,MIA,DEN
2025-11-05,0022500179,SAS,LAL
2025-11-05,0022500180,OKC,POR
2025-11-05,0022500181,GSW,SAC
2025-11-06,0022500182,LAC,PHX
2025-11-07,0022500028,BOS,ORL
2025-11-07,0022500029,CLE,WAS
2025-11-07,0022500030,TOR,ATL
2025-11-07,0022500031,DET,BKN
2025-11-07,0022500032,HOU,SAS
2025-11-07,0022500033,CHA,MIA
2025-11-07,0022500034,DAL,MEM
2025-11-07,0022500035,CHI,MIL
2025-11-07,0022500036,UTA,MIN
2025-11-07,0022500037,GSW,DEN
2025-11-07,0022500038,OKC,SAC
2025-11-08,0022500183,DAL,WAS
2025-11-08,0022500184,TOR,PHI
2025-11-08,0022500185,LAL,ATL
2025-11-08,0022500186,CHI,CLE
2025-11-08,0022500187,POR,MIA
2025-11-08,0022500188,NOP,SAS
2025-11-08,0022500189,IND,DEN
2025-11-08,0022500190,PHX,LAC
2025-11-09,0022500191,HOU,MIL
2025-11-09,0022500192,BKN,NYK
2025-11-09,0022500193,BOS,ORL
2025-11-09,0022500194,OKC,MEM
2025-11-09,0022500195,DET,PHI
2025-11-09,0022500196,IND,GSW
2025-11-09,0022500197,MIN,SAC
2025-11-10,0022500198,LAL,CHA
2025-11-10,0022500199,WAS,DET
2025-11-10,0022500200,POR,ORL
2025-11-10,0022500201,CLE,MIA
2025-11-10,0022500202,SAS,CHI
2025-11-10,0022500203,MIL,DAL
2025-11-10,0022500204,NOP,PHX
2025-11-10,0022500205,MIN,UTA
2025-11-10,0022500206,ATL,LAC
2025-11-11,0022500207,TOR,BKN
2025-11-11,0022500208,MEM,NYK
2025-11-11,0022500209,BOS,PHI
2025-11-11,0022500210,GSW,OKC
2025-11-11,0022500211,IND,UTA
2025-11-11,0022500212,DEN,SAC
2025-11-12,0022500213,MIL,CHA
2025-11-12,0022500214,CHI,DET
2025-11-12,0022500215,ORL,NYK
2025-11-12,0022500216,MEM,BOS
2025-11-12,0022500217,CLE,MIA
2025-11-12,0022500218,WAS,HOU
2025-11-12,0022500219,POR,NOP
2025-11-12,0022500220,GSW,SAS
2025-11-12,0022500221,PHX,DAL
2025-11-12,0022500222,LAL,OKC
2025-11-12,0022500223,ATL,SAC
2025-11-12,0022500224,DEN,LAC
2025-11-13,0022500225,TOR,CLE
2025-11-13,0022500226,IND,PHX
2025-11-13,0022500227,ATL,UTA
2025-11-14,0022500039,MIA,NYK
2025-11-14,0022500040,BKN,ORL
2025-11-14,0022500041,PHI,DET
2025-11-14,0022500042,POR,HOU
2025-11-14,0022500043,CHA,MIL
2025-11-14,0022500044,SAC,MIN
2025-11-14,0022500045,LAL,NOP
2025-11-14,0022500046,LAC,DAL
2025-11-14,0022500047,GSW,SAS
2025-11-15,0022500228,MEM,CLE
2025-11-15,0022500229,OKC,CHA
2025-11-15,0022500230,TOR,IND
2025-11-15,0022500231,LAL,MIL
2025-11-15,0022500232,DEN,MIN
2025-11-16,0022500233,LAC,BOS
2025-11-16,0022500234,SAC,SAS
2025-11-16,0022500235,BKN,WAS
2025-11-16,0022500236,ORL,HOU
2025-11-16,0022500237,GSW,NOP
2025-11-16,0022500238,POR,DAL
2025-11-16,0022500239,ATL,PHX
2025-11-16,0022500240,CHI,UTA
2025-11-17,0022500241,MIL,CLE
2025-11-17,0022500242,IND,DET
2025-11-17,0022500243,LAC,PHI
2025-11-17,0022500244,NYK,MIA
2025-11-17,0022500245,CHA,TOR
2025-11-17,0022500246,DAL,MIN
2025-11-17,0022500247,OKC,NOP
2025-11-17,0022500248,CHI,DEN
2025-11-18,0022500249,GSW,ORL
2025-11-18,0022500250,BOS,BKN
2025-11-18,0022500251,DET,ATL
2025-11-18,0022500252,MEM,SAS
2025-11-18,0022500253,UTA,LAL
2025-11-18,0022500254,PHX,POR
2025-11-19,0022500255,HOU,CLE
2025-11-19,0022500256,CHA,IND
2025-11-19,0022500257,GSW,MIA
2025-11-19,0022500258,TOR,PHI
2025-11-19,0022500259,WAS,MIN
2025-11-19,0022500260,DEN,NOP
2025-11-19,0022500261,SAC,OKC
2025-11-19,0022500262,NYK,DAL
2025-11-19,0022500263,CHI,POR
2025-11-20,0022500264,LAC,ORL
2025-11-20,0022500265,SAC,MEM
2025-11-20,0022500266,PHI,MIL
2025-11-20,0022500267,ATL,SAS
2025-11-21,0022500048,IND,CLE
2025-11-21,0022500049,BKN,BOS
2025-11-21,0022500050,WAS,TOR
2025-11-21,0022500051,MIA,CHI
2025-11-21,0022500052,NOP,DAL
2025-11-21,0022500053,MIN,PHX
2025-11-21,0022500054,DEN,HOU
2025-11-21,0022500055,OKC,UTA
2025-11-21,0022500056,POR,GSW
2025-11-22,0022500268,LAC,CHA
2025-11-22,0022500269,NYK,ORL
2025-11-22,0022500270,ATL,NOP
2025-11-22,0022500271,WAS,CHI
2025-11-22,0022500272,DET,MIL
2025-11-22,0022500273,MEM,DAL
2025-11-22,0022500274,SAC,DEN
2025-11-23,0022500275,MIA,PHI
2025-11-23,0022500276,CHA,ATL
2025-11-23,0022500277,ORL,BOS
2025-11-23,0022500278,LAC,CLE
2025-11-23,0022500279,BKN,TOR
2025-11-23,0022500280,POR,OKC
2025-11-23,0022500281,SAS,PHX
2025-11-23,0022500282,LAL,UTA
2025-11-24,0022500283,DET,IND
2025-11-24,0022500284,CLE,TOR
2025-11-24,0022500285,NYK,BKN
2025-11-24,0022500286,DAL,MIA
2025-11-24,0022500287,DEN,MEM
2025-11-24,0022500288,POR,MIL
2025-11-24,0022500289,CHI,NOP
2025-11-24,0022500290,HOU,PHX
2025-11-24,0022500291,UTA,GSW
2025-11-24,0022500292,MIN,SAC
2025-11-25,0022500057,ATL,WAS
2025-11-25,0022500058,ORL,PHI
2025-11-25,0022500059,LAC,LAL
2025-11-26,0022500060,DET,BOS
2025-11-26,0022500061,NYK,CHA
2025-11-26,0022500062,MIL,MIA
2025-11-26,0022500063,IND,TOR
2025-11-26,0022500064,MIN,OKC
2025-11-26,0022500065,MEM,NOP
2025-11-26,0022500066,HOU,GSW
2025-11-26,0022500067,SAS,POR
2025-11-26,0022500068,PHX,SAC
2025-11-28,0022500069,CLE,ATL
2025-11-28,0022500070,PHI,BKN
2025-11-28,0022500071,CHI,CHA
2025-11-28,0022500072,ORL,DET
2025-11-28,0022500073,WAS,IND
2025-11-28,0022500074,MIL,NYK
2025-11-28,0022500075,PHX,OKC
2025-11-28,0022500076,SAS,DEN
2025-11-28,0022500077,SAC,UTA
2025-11-28,0022500078,DAL,LAL
2025-11-28,0022500079,MEM,LAC
2025-11-29,0022500293,BOS,MIN
2025-11-29,0022500294,TOR,CHA
2025-11-29,0022500295,CHI,IND
2025-11-29,0022500296,DET,MIA
2025-11-29,0022500297,BKN,MIL
2025-11-29,0022500298,NOP,GSW
2025-11-29,0022500299,DEN,PHX
2025-11-29,0022500300,DAL,LAC
2025-11-30,0022500301,HOU,UTA
2025-11-30,0022500302,BOS,CLE
2025-11-30,0022500303,TOR,NYK
2025-11-30,0022500304,ATL,PHI
2025-11-30,0022500305,OKC,POR
2025-11-30,0022500306,SAS,MIN
2025-11-30,0022500307,MEM,SAC
2025-11-30,0022500308,NOP,LAL
2025-12-01,0022500309,ATL,DET
2025-12-01,0022500310,CLE,IND
2025-12-01,0022500311,MIL,WAS
2025-12-01,0022500312,CHA,BKN
2025-12-01,0022500313,LAC,MIA
2025-12-01,0022500314,CHI,ORL
2025-12-01,0022500315,DAL,DEN
2025-12-01,0022500316,HOU,UTA
2025-12-01,0022500317,PHX,LAL
2025-12-02,0022500318,WAS,PHI
2025-12-02,0022500319,POR,TOR
2025-12-02,0022500320,NYK,BOS
2025-12-02,0022500321,MIN,NOP
2025-12-02,0022500322,MEM,SAS
2025-12-02,0022500323,OKC,GSW
2025-12-03,0022500324,POR,CLE
2025-12-03,0022500325,DEN,IND
2025-12-03,0022500326,SAS,ORL
2025-12-03,0022500327,LAC,ATL
2025-12-03,0022500328,CHA,NYK
2025-12-03,0022500329,BKN,CHI
2025-12-03,0022500330,SAC,HOU
2025-12-03,0022500331,DET,MIL
2025-12-03,0022500332,MIA,DAL
2025-12-04,0022500333,GSW,PHI
2025-12-04,0022500334,BOS,WAS
2025-12-04,0022500335,UTA,BKN
2025-12-04,0022500336,LAL,TOR
2025-12-04,0022500337,MIN,NOP
2025-12-05,0022500338,LAL,BOS
2025-12-05,0022500339,MIA,ORL
2025-12-05,0022500340,DEN,ATL
2025-12-05,0022500341,SAS,CLE
2025-12-05,0022500342,POR,DET
2025-12-05,0022500343,UTA,NYK
2025-12-05,0022500344,CHA,TOR
2025-12-05,0022500345,IND,CHI
2025-12-05,0022500346,PHX,HOU
2025-12-05,0022500347,LAC,MEM
2025-12-05,0022500348,PHI,MIL
2025-12-05,0022500349,DAL,OKC
2025-12-06,0022500350,NOP,BKN
2025-12-06,0022500351,ATL,WAS
2025-12-06,0022500352,GSW,CLE
2025-12-06,0022500353,MIL,DET
2025-12-06,0022500354,SAC,MIA
2025-12-06,0022500355,LAC,MIN
2025-12-06,0022500356,HOU,DAL
2025-12-07,0022500357,ORL,NYK
2025-12-07,0022500358,BOS,TOR
2025-12-07,0022500359,DEN,CHA
2025-12-07,0022500360,POR,MEM
2025-12-07,0022500361,GSW,CHI
2025-12-07,0022500362,LAL,PHI
2025-12-07,0022500363,OKC,UTA
2025-12-08,0022500364,SAC,IND
2025-12-08,0022500365,PHX,MIN
2025-12-08,0022500366,SAS,NOP
2025-12-17,0022500367,CLE,CHI
2025-12-17,0022500368,MEM,MIN
2025-12-17,0022500369,LAC,OKC
2025-12-17,0022500370,WAS,SAS
2025-12-18,0022500371,ATL,CHA
2025-12-18,0022500372,NYK,IND
2025-12-18,0022500373,MIA,BKN
2025-12-18,0022500374,TOR,MIL
2025-12-18,0022500375,HOU,NOP
2025-12-18,0022500376,DET,DAL
2025-12-18,0022500377,ORL,DEN
2025-12-18,0022500378,GSW,PHX
2025-12-18,0022500379,LAL,UTA
2025-12-18,0022500380,SAC,POR
2025-12-19,0022500381,MIA,BOS
2025-12-19,0022500382,PHI,NYK
2025-12-19,0022500383,SAS,ATL
2025-12-19,0022500384,CHI,CLE
2025-12-19,0022500385,OKC,MIN
2025-12-20,0022500386,HOU,DEN
2025-12-20,0022500387,DAL,PHI
2025-12-20,0022500388,BOS,TOR
2025-12-20,0022500389,IND,NOP
2025-12-20,0022500390,CHA,DET
2025-12-20,0022500391,WAS,MEM
2025-12-20,0022500392,PHX,GSW
2025-12-20,0022500393,ORL,UTA
2025-12-20,0022500394,POR,SAC
2025-12-20,0022500395,LAL,LAC
2025-12-21,0022500396,CHI,ATL
2025-12-21,0022500397,TOR,BKN
2025-12-21,0022500398,MIA,NYK
2025-12-21,0022500399,SAS,WAS
2025-12-21,0022500400,MIL,MIN
2025-12-21,0022500401,HOU,SAC
2025-12-22,0022500402,CHA,CLE
2025-12-22,0022500403,IND,BOS
2025-12-22,0022500404,DAL,NOP
2025-12-22,0022500405,UTA,DEN
2025-12-22,0022500406,MEM,OKC
2025-12-22,0022500407,ORL,GSW
2025-12-22,0022500408,DET,POR
2025-12-23,0022500409,WAS,CHA
2025-12-23,0022500410,BKN,PHI
2025-12-23,0022500411,CHI,ATL
2025-12-23,0022500412,NOP,CLE
2025-12-23,0022500413,MIL,IND
2025-12-23,0022500414,TOR,MIA
2025-12-23,0022500415,DEN,DAL
2025-12-23,0022500416,NYK,MIN
2025-12-23,0022500417,OKC,SAS
2025-12-23,0022500418,LAL,PHX
2025-12-23,0022500419,MEM,UTA
2025-12-23,0022500420,ORL,POR
2025-12-23,0022500421,DET,SAC
2025-12-23,0022500422,HOU,LAC
2025-12-25,0022500009,CLE,NYK
2025-12-25,0022500010,SAS,OKC
2025-12-25,0022500011,DAL,GSW
2025-12-25,0022500012,HOU,LAL
2025-12-25,0022500013,MIN,DEN
2025-12-26,0022500423,MIA,ATL
2025-12-26,0022500424,CHA,ORL
2025-12-26,0022500425,TOR,WAS
2025-12-26,0022500426,BOS,IND
2025-12-26,0022500427,PHI,CHI
2025-12-26,0022500428,MIL,MEM
2025-12-26,0022500429,PHX,NOP
2025-12-26,0022500430,DET,UTA
2025-12-26,0022500431,LAC,POR
2025-12-27,0022500432,DAL,SAC
2025-12-27,0022500433,DEN,ORL
2025-12-27,0022500434,PHX,NOP
2025-12-27,0022500435,NYK,ATL
2025-12-27,0022500436,IND,MIA
2025-12-27,0022500437,MIL,CHI
2025-12-27,0022500438,CLE,HOU
2025-12-27,0022500439,BKN,MIN
2025-12-27,0022500440,UTA,SAS
2025-12-28,0022500441,GSW,TOR
2025-12-28,0022500442,PHI,OKC
2025-12-28,0022500443,MEM,WAS
2025-12-28,0022500444,BOS,POR
2025-12-28,0022500445,DET,LAC
2025-12-28,0022500446,SAC,LAL
2025-12-29,0022500447,MIL,CHA
2025-12-29,0022500448,PHX,WAS
2025-12-29,0022500449,GSW,BKN
2025-12-29,0022500450,DEN,MIA
2025-12-29,0022500451,ORL,TOR
2025-12-29,0022500452,MIN,CHI
2025-12-29,0022500453,IND,HOU
2025-12-29,0022500454,NYK,NOP
2025-12-29,0022500455,ATL,OKC
2025-12-29,0022500456,CLE,SAS
2025-12-29,0022500457,DAL,POR
2025-12-30,0022500458,PHI,MEM
2025-12-30,0022500459,BOS,UTA
2025-12-30,0022500460,DET,LAL
2025-12-30,0022500461,SAC,LAC
2025-12-31,0022500462,GSW,CHA
2025-12-31,0022500463,MIN,ATL
2025-12-31,0022500464,ORL,IND
2025-12-31,0022500465,PHX,CLE
2025-12-31,0022500466,NOP,CHI
2025-12-31,0022500467,NYK,SAS
2025-12-31,0022500468,DEN,TOR
2025-12-31,0022500469,WAS,MIL
2025-12-31,0022500470,POR,OKC